,amt,cnt,amt_ratio,cnt_ratio
F,17044040420076,815216381,0.39745039141192917,0.43469176224734746
M,25839400603916,1060173152,0.6025496085880708,0.5653082377526525
